image_path,transcription,font,surah,words,width,height
data\synth_preview\line_0000.png,جهنم بما كفروا,Playpen_Sans_Arabic,18,3,224,64
data\synth_preview\line_0001.png,ادعوا الله أو ادعوا الرحمن أيا ما تدعوا,ArefRuqaa-Regular,17,8,480,64
data\synth_preview\line_0002.png,نصفه أو انقص,Marhey,73,3,224,64
data\synth_preview\line_0003.png,العقد ومن شر,Lateef,113,3,256,64
data\synth_preview\line_0004.png,ما ليلة القدر ليلة القدر خير,Rakkas,97,6,416,64
data\synth_preview\line_0005.png,وإذ أخذنا ميثاق بني إسرائيل لا تعبدون إلا الله,Ruwudu,2,9,576,64
data\synth_preview\line_0006.png,بابا ذا عذاب شديد,Blaka_Ink,23,4,320,64
data\synth_preview\line_0007.png,الله عن الذين لم يقاتلوكم في الدين ولم يخرجوكم,Aref_Ruqaa_Ink,60,9,512,64
data\synth_preview\line_0008.png,إذا كرة خاسرة فإنما هي زجرة واحدة,Amiri,79,7,544,64
data\synth_preview\line_0009.png,أعمالهم فمن يعمل مثقال ذرة,Aref_Ruqaa,99,5,288,64
data\synth_preview\line_0010.png,بعذاب أليم وما كان الله ليعذبهم وأنت فيهم,Aref_Ruqaa,8,8,480,64
data\synth_preview\line_0011.png,وفرعون ذو الأوتاد وثمود وقوم لوط وأصحاب الأيكة أولئك,Vibes,38,9,704,64
data\synth_preview\line_0012.png,سحر مبين ومن أظلم,Playpen_Sans_Arabic,61,4,384,64
data\synth_preview\line_0013.png,كل نفس بما كسبت وجعلوا لله شركاء,Blaka_Ink,13,7,672,64
data\synth_preview\line_0014.png,الله وأطيعون واتقوا الذي أمدكم بما,Blaka,26,6,448,64
data\synth_preview\line_0015.png,عين اليقين ثم لتسألن,Rakkas,102,4,192,64
data\synth_preview\line_0016.png,الله ويجعل الرجس على,Reem_Kufi_Ink,10,4,320,64
data\synth_preview\line_0017.png,فيها من كل,Harmattan,47,3,224,64
data\synth_preview\line_0018.png,تكذبان متكئين على رفرف,Zain,55,4,448,64
data\synth_preview\line_0019.png,الذين آمنوا والذين هادوا والصابئين,Katibeh,22,5,512,64
data\synth_preview\line_0020.png,شيء قدير ويوم يعرض الذين كفروا على النار,Lemonada,46,8,512,64
data\synth_preview\line_0021.png,سبيله صفا كأنهم بنيان,Harmattan,61,4,416,64
data\synth_preview\line_0022.png,الأرض بما رحبت ثم وليتم مدبرين ثم أنزل الله,Reem_Kufi_Ink,9,9,544,64
data\synth_preview\line_0023.png,القرآن ترتيلا إنا سنلقي عليك قولا ثقيلا,Ruwudu,73,7,448,64
data\synth_preview\line_0024.png,إن مع العسر يسرا فإذا,Katibeh,94,5,352,64
data\synth_preview\line_0025.png,إنك لن تستطيع معي صبرا قال لا تؤاخذني,Qahiri,18,8,576,64
data\synth_preview\line_0026.png,أكثر إلا هو,Playpen_Sans_Arabic,58,3,192,64
data\synth_preview\line_0027.png,إفك قديم ومن قبله كتاب موسى إماما,Alkalami,46,7,512,64
data\synth_preview\line_0028.png,ليعبدون ما أريد منهم من رزق وما أريد أن,Vibes,51,9,384,64
data\synth_preview\line_0029.png,رأيتهم تعجبك أجسامهم وإن يقولوا تسمع لقولهم كأنهم خشب,ArefRuqaa-Regular,63,9,704,64
data\synth_preview\line_0030.png,من الممترين ولكل وجهة هو موليها فاستبقوا,Lateef,2,7,768,64
data\synth_preview\line_0031.png,فتول عنهم يوم يدع,Gulzar,54,4,192,64
data\synth_preview\line_0032.png,الله ما يشاء ألم تر إلى الذين بدلوا,Aref_Ruqaa,14,8,352,64
data\synth_preview\line_0033.png,يومئذ زرقا يتخافتون بينهم,Lemonada,20,4,384,64
data\synth_preview\line_0034.png,فإن مع العسر يسرا إن مع العسر يسرا فإذا,Blaka_Ink,94,9,512,64
data\synth_preview\line_0035.png,يكون لهم الخيرة من أمرهم ومن يعص الله,Reem_Kufi_Ink,33,8,512,64
data\synth_preview\line_0036.png,أيها الذين آمنوا لا تلهكم أموالكم,Playpen_Sans_Arabic,63,6,384,64
data\synth_preview\line_0037.png,قال يا بني لا تقصص,Blaka,12,5,256,64
data\synth_preview\line_0038.png,هذا إلا سحر,Marhey,37,3,192,64
data\synth_preview\line_0039.png,كذبوا جاءهم نصرنا,Blaka,12,3,352,64
data\synth_preview\line_0040.png,ودين الحق ليظهره على الدين كله وكفى بالله,Blaka,48,8,736,64
data\synth_preview\line_0041.png,أبابيل ترميهم بحجارة من سجيل فجعلهم كعصف,Reem_Kufi_Fun,105,7,704,64
data\synth_preview\line_0042.png,صبرا جميلا إنهم يرونه,Ruwudu,70,4,352,64
data\synth_preview\line_0043.png,إلى ربه سبيلا إن ربك يعلم,Gulzar,73,6,192,64
data\synth_preview\line_0044.png,لهم الذي اختلفوا,Qahiri,16,3,192,64
data\synth_preview\line_0045.png,البسط فتقعد ملوما محسورا,Vibes,17,4,352,64
data\synth_preview\line_0046.png,غصة وعذابا أليما يوم,ArefRuqaa-Regular,73,4,192,64
data\synth_preview\line_0047.png,زلزالها وأخرجت الأرض,Katibeh,99,3,288,64
data\synth_preview\line_0048.png,كان الله ليطلعكم,Scheherazade_New,3,3,192,64
data\synth_preview\line_0049.png,آياتنا قال أساطير الأولين كلا بل,Jomhuria,83,6,384,64
data\synth_preview\line_0050.png,ورسله فحاسبناها حسابا,Badeen_Display,65,3,608,64
data\synth_preview\line_0051.png,أخرج منها ماءها ومرعاها والجبال,Ruwudu,79,5,448,64
data\synth_preview\line_0052.png,علم اليقين لترون الجحيم ثم لترونها عين اليقين,Ruwudu,102,8,576,64
data\synth_preview\line_0053.png,يروا العذاب الأليم قال قد أجيبت دعوتكما,Baloo_Bhaijaan_2,10,7,416,64
data\synth_preview\line_0054.png,في السماوات وما,El_Messiri,10,3,256,64
data\synth_preview\line_0055.png,اللهم وتحيتهم فيها سلام وآخر دعواهم أن,Badeen_Display,10,7,928,64
data\synth_preview\line_0056.png,نشاء ولا يرد بأسنا عن القوم المجرمين لقد,Mirza,12,8,544,64
data\synth_preview\line_0057.png,ما الحطمة نار الله,Zain,104,4,384,64
data\synth_preview\line_0058.png,من بين يديه ومن خلفه رصدا ليعلم أن,Aref_Ruqaa,72,8,512,64
data\synth_preview\line_0059.png,إن استطعتم أن تنفذوا,Baloo_Bhaijaan_2,55,4,384,64
data\synth_preview\line_0060.png,لنرسل عليهم حجارة من طين مسومة,Playpen_Sans_Arabic,51,6,448,64
data\synth_preview\line_0061.png,ربه ونهى النفس عن الهوى فإن الجنة,Alkalami,79,7,352,64
data\synth_preview\line_0062.png,حبا فمنه يأكلون وجعلنا فيها جنات من,Lemonada,36,7,768,64
data\synth_preview\line_0063.png,دأبا فما حصدتم فذروه,Zain,12,4,384,64
data\synth_preview\line_0064.png,القدر ليلة القدر خير من ألف شهر تنزل,Scheherazade_New,97,8,448,64
data\synth_preview\line_0065.png,فإذا فرغت فانصب,Playpen_Sans_Arabic,94,3,384,64
data\synth_preview\line_0066.png,لتقولون قولا عظيما ولقد,Qahiri,17,4,320,64
data\synth_preview\line_0067.png,لها يومئذ يصدر الناس,Reem_Kufi_Fun,99,4,352,64
data\synth_preview\line_0068.png,أيمانهم جنة فصدوا عن,Rakkas,58,4,256,64
data\synth_preview\line_0069.png,ألا يظن أولئك أنهم مبعوثون,Lateef,83,5,384,64
data\synth_preview\line_0070.png,فتحا مبينا ليغفر,Scheherazade_New,48,3,192,64
data\synth_preview\line_0071.png,مكناكم فيه وجعلنا لهم,Playpen_Sans_Arabic,46,4,384,64
data\synth_preview\line_0072.png,فإن الله سريع,Lemonada,3,3,192,64
data\synth_preview\line_0073.png,علقة فخلقنا العلقة مضغة فخلقنا المضغة عظاما,Zain,23,7,1504,64
data\synth_preview\line_0074.png,الدنيا والآخرة فليمدد بسبب إلى السماء,Lemonada,22,6,544,64
data\synth_preview\line_0075.png,خير الماكرين وإذا تتلى عليهم,Zain,8,5,544,64
data\synth_preview\line_0076.png,أنفقوا واتقوا الله الذي أنتم به مؤمنون يا أيها,Aref_Ruqaa_Ink,60,9,576,64
data\synth_preview\line_0077.png,بشرا مثلكم إنكم إذا,Mirza,23,4,320,64
data\synth_preview\line_0078.png,لو يفتدي من,Badeen_Display,70,3,384,64
data\synth_preview\line_0079.png,كلا إنا خلقناهم مما يعلمون فلا أقسم برب المشارق,Ruwudu,70,9,640,64
data\synth_preview\line_0080.png,الله فأحبط أعمالهم أفلم,Blaka,47,4,256,64
data\synth_preview\line_0081.png,ذنب قتلت وإذا الصحف,Vibes,81,4,416,64
data\synth_preview\line_0082.png,أرسلنا عليهم ريحا صرصرا في يوم نحس مستمر تنزع,Gulzar,54,9,352,64
data\synth_preview\line_0083.png,كتابيه ولم أدر ما حسابيه,Baloo_Bhaijaan_2,69,5,384,64
data\synth_preview\line_0084.png,لا ينصرونهم ولئن نصروهم ليولن الأدبار ثم لا,Blaka_Ink,59,8,480,64
data\synth_preview\line_0085.png,للسحت فإن جاءوك,El_Messiri,5,3,448,64
data\synth_preview\line_0086.png,في الأموال والأولاد وعدهم وما يعدهم الشيطان,Amiri,17,7,384,64
data\synth_preview\line_0087.png,أراد الله بهذا مثلا كذلك يضل الله,El_Messiri,74,7,544,64
data\synth_preview\line_0088.png,جاثية كل أمة,Baloo_Bhaijaan_2,45,3,192,64
data\synth_preview\line_0089.png,أجر غير ممنون فما يكذبك بعد بالدين أليس,Ruwudu,95,8,544,64
data\synth_preview\line_0090.png,المؤمنين قد علمنا ما فرضنا,Qahiri,33,5,320,64
data\synth_preview\line_0091.png,آلاء ربكما تكذبان مرج البحرين يلتقيان بينهما برزخ,El_Messiri,55,8,608,64
data\synth_preview\line_0092.png,بالنذر إنا أرسلنا عليهم حاصبا إلا آل لوط,Lateef,54,8,544,64
data\synth_preview\line_0093.png,تحدث أخبارها بأن ربك,Cairo_Play,99,4,288,64
data\synth_preview\line_0094.png,فعلموا أن الحق لله وضل عنهم ما,Qahiri,28,7,352,64
data\synth_preview\line_0095.png,إلها واحدا ونحن له مسلمون,Scheherazade_New,2,5,416,64
data\synth_preview\line_0096.png,غاسق إذا وقب ومن شر النفاثات في العقد,Marhey,113,8,640,64
data\synth_preview\line_0097.png,تعملون إن أصحاب الجنة اليوم في شغل,Qahiri,36,7,320,64
data\synth_preview\line_0098.png,علمنا منطق الطير وأوتينا من كل شيء إن,Reem_Kufi_Fun,27,8,384,64
data\synth_preview\line_0099.png,وارتبتم وغرتكم الأماني,Playpen_Sans_Arabic,57,3,224,64
data\synth_preview\line_0100.png,أبناءكم ذلكم قولكم بأفواهكم,Ruwudu,33,4,416,64
data\synth_preview\line_0101.png,يصلون ما أمر الله به أن,Mirza,13,6,320,64
data\synth_preview\line_0102.png,الناس والحجارة عليها ملائكة غلاظ شداد,Baloo_Bhaijaan_2,66,6,800,64
data\synth_preview\line_0103.png,واشربوا من رزق الله ولا تعثوا في الأرض مفسدين,Rakkas,2,9,672,64
data\synth_preview\line_0104.png,سجى ما ودعك ربك وما قلى,Badeen_Display,93,6,672,64
data\synth_preview\line_0105.png,ورهبا وكانوا لنا خاشعين والتي أحصنت فرجها فنفخنا فيها,Katibeh,21,9,608,64
data\synth_preview\line_0106.png,فيهما عينان تجريان فبأي آلاء ربكما تكذبان فيهما من,Mirza,55,9,768,64
data\synth_preview\line_0107.png,فذكر إنما أنت مذكر لست عليهم,Zain,88,6,576,64
data\synth_preview\line_0108.png,وإذا الجحيم سعرت وإذا الجنة أزلفت,Reem_Kufi_Fun,81,6,416,64
data\synth_preview\line_0109.png,يعطيك ربك فترضى ألم يجدك يتيما,Blaka_Ink,93,6,384,64
data\synth_preview\line_0110.png,إحداهما على الأخرى فقاتلوا,Rakkas,49,4,416,64
data\synth_preview\line_0111.png,عليهم العمر أفلا يرون,Aref_Ruqaa,21,4,256,64
data\synth_preview\line_0112.png,كنتم صادقين ما,Rakkas,36,3,160,64
data\synth_preview\line_0113.png,ومنا دون ذلك,Katibeh,72,3,160,64
data\synth_preview\line_0114.png,لإيلاف قريش إيلافهم رحلة الشتاء والصيف فليعبدوا رب,Zain,106,8,704,64
data\synth_preview\line_0115.png,إذا طلقتم النساء فطلقوهن لعدتهن وأحصوا,Marhey,65,6,512,64
data\synth_preview\line_0116.png,الجنة ونجني من فرعون وعمله ونجني من القوم الظالمين,Reem_Kufi_Ink,66,9,672,64
data\synth_preview\line_0117.png,فيها بإذن ربهم من كل أمر سلام هي حتى,Lemonada,97,9,608,64
data\synth_preview\line_0118.png,ولهو وإن تؤمنوا وتتقوا يؤتكم أجوركم,Blaka,47,6,480,64
data\synth_preview\line_0119.png,فرعون ومن قبله والمؤتفكات بالخاطئة فعصوا رسول ربهم,Qahiri,69,8,736,64
data\synth_preview\line_0120.png,ممنون فما يكذبك,Mirza,95,3,256,64
data\synth_preview\line_0121.png,ربهم تحيتهم فيها سلام ألم تر كيف ضرب,Alkalami,14,8,608,64
data\synth_preview\line_0122.png,الحر قل نار جهنم أشد,Badeen_Display,9,5,480,64
data\synth_preview\line_0123.png,وأيدهم بروح منه ويدخلهم جنات تجري من تحتها الأنهار,El_Messiri,58,9,608,64
data\synth_preview\line_0124.png,لن تقول الإنس والجن على,Scheherazade_New,72,5,384,64
data\synth_preview\line_0125.png,زادوكم إلا خبالا ولأوضعوا خلالكم,Lemonada,9,5,544,64
data\synth_preview\line_0126.png,يجادلونك في الحق بعد ما تبين كأنما يساقون إلى,Playpen_Sans_Arabic,8,9,672,64
data\synth_preview\line_0127.png,مسافحين فما استمتعتم به منهن فآتوهن أجورهن,Scheherazade_New,4,7,576,64
data\synth_preview\line_0128.png,الحياة الدنيا ولا تطع من أغفلنا قلبه,Qahiri,18,7,480,64
data\synth_preview\line_0129.png,أن يأتي أحدكم الموت,Reem_Kufi_Ink,63,4,320,64
data\synth_preview\line_0130.png,رجما بالغيب ويقولون سبعة وثامنهم كلبهم قل ربي أعلم,Rakkas,18,9,544,64
data\synth_preview\line_0131.png,تبد لكم تسؤكم وإن تسألوا,Marhey,5,5,480,64
data\synth_preview\line_0132.png,وأطعنا الرسولا وقالوا,Harmattan,33,3,224,64
data\synth_preview\line_0133.png,ربك في القرآن وحده ولوا على أدبارهم نفورا,Blaka,17,8,576,64
data\synth_preview\line_0134.png,الله عليهم من النبيين من ذرية آدم وممن حملنا,Ruwudu,19,9,480,64
data\synth_preview\line_0135.png,فرعون الرسول فأخذناه أخذا وبيلا فكيف تتقون إن,Lemonada,73,8,832,64
data\synth_preview\line_0136.png,عليكم آيات الله وفيكم رسوله ومن يعتصم بالله فقد,El_Messiri,3,9,800,64
data\synth_preview\line_0137.png,فآمنت طائفة من بني إسرائيل وكفرت طائفة فأيدنا,Jomhuria,61,8,736,64
data\synth_preview\line_0138.png,الخيرة سبحان الله وتعالى عما يشركون وربك يعلم,Jomhuria,28,8,768,64
data\synth_preview\line_0139.png,أسفل سافلين إلا الذين آمنوا وعملوا الصالحات فلهم أجر,Mirza,95,9,896,64
data\synth_preview\line_0140.png,طبع الله على قلوبهم واتبعوا,Marhey,47,5,288,64
data\synth_preview\line_0141.png,ينطقون ولا يؤذن لهم,Blaka_Ink,77,4,352,64
data\synth_preview\line_0142.png,فافسحوا يفسح الله,Harmattan,58,3,256,64
data\synth_preview\line_0143.png,وآية لهم الأرض الميتة أحييناها,Lalezar,36,5,384,64
data\synth_preview\line_0144.png,من ذنبك وما تأخر ويتم نعمته عليك,Rakkas,48,7,320,64
data\synth_preview\line_0145.png,وما هم بمعجزين أولم يعلموا أن الله يبسط,Aref_Ruqaa,39,8,416,64
data\synth_preview\line_0146.png,لمن شاء منكم أن يستقيم وما تشاءون إلا,Blaka,81,8,448,64
data\synth_preview\line_0147.png,فقعوا له ساجدين فسجد الملائكة,Alkalami,15,5,384,64
data\synth_preview\line_0148.png,رب هذا البيت الذي أطعمهم,Cairo_Play,106,5,448,64
data\synth_preview\line_0149.png,ليروا أعمالهم فمن يعمل مثقال,Jomhuria,99,5,448,64
data\synth_preview\line_0150.png,تتلى عليه ثم يصر,Cairo_Play,45,4,288,64
data\synth_preview\line_0151.png,فلهم أجر غير ممنون فما يكذبك بعد بالدين أليس,Aref_Ruqaa_Ink,95,9,416,64
data\synth_preview\line_0152.png,نفس لنفس شيئا والأمر يومئذ,Reem_Kufi_Fun,82,5,384,64
data\synth_preview\line_0153.png,الله لو يطيعكم,Mirza,49,3,192,64
data\synth_preview\line_0154.png,تذكرون ففروا إلى,Badeen_Display,51,3,416,64
data\synth_preview\line_0155.png,الإنسان ما لها يومئذ تحدث,Amiri,99,5,288,64
data\synth_preview\line_0156.png,هدى لبني إسرائيل ألا تتخذوا من دوني وكيلا ذرية,Lalezar,17,9,448,64
data\synth_preview\line_0157.png,المستقر ينبأ الإنسان يومئذ بما,Lalezar,75,5,512,64
data\synth_preview\line_0158.png,فجرت وإذا القبور,Vibes,82,3,288,64
data\synth_preview\line_0159.png,على الدين كله ولو,Marhey,9,4,256,64
data\synth_preview\line_0160.png,من شيء فمتاع,Aref_Ruqaa,42,3,192,64
data\synth_preview\line_0161.png,المحسنين إن هذا لهو البلاء المبين وفديناه بذبح عظيم,Mirza,37,9,672,64
data\synth_preview\line_0162.png,أنتم عابدون ما أعبد ولا أنا,Cairo_Play,109,6,416,64
data\synth_preview\line_0163.png,ما عبدنا من دونه من شيء نحن ولا آباؤنا,Mirza,16,9,512,64
data\synth_preview\line_0164.png,على ما آذيتمونا وعلى,Qahiri,14,4,288,64
data\synth_preview\line_0165.png,معلومات فمن فرض فيهن الحج فلا,Badeen_Display,2,6,544,64
data\synth_preview\line_0166.png,ما لا ينفعنا ولا,Cairo_Play,6,4,288,64
data\synth_preview\line_0167.png,إلا عشية أو,Vibes,79,3,160,64
data\synth_preview\line_0168.png,ما تعبدون ولا أنتم عابدون ما أعبد ولا,Ruwudu,109,8,576,64
data\synth_preview\line_0169.png,فأرسلنا فيهم رسولا منهم أن,Blaka,23,5,384,64
data\synth_preview\line_0170.png,إن المجرمين في ضلال وسعر يوم يسحبون,Ruwudu,54,7,576,64
data\synth_preview\line_0171.png,في صحف مكرمة مرفوعة مطهرة بأيدي سفرة كرام,Aref_Ruqaa_Ink,80,8,608,64
data\synth_preview\line_0172.png,ألف شهر تنزل الملائكة والروح فيها,Lateef,97,6,448,64
data\synth_preview\line_0173.png,سقر وما أدراك ما سقر لا تبقي ولا,Zain,74,8,384,64
data\synth_preview\line_0174.png,السماوات والأرض وما بينهما العزيز الغفار قل هو,Aref_Ruqaa,38,8,640,64
data\synth_preview\line_0175.png,الله للناس أمثالهم فإذا لقيتم الذين كفروا,Reem_Kufi_Ink,47,7,512,64
data\synth_preview\line_0176.png,فأما اليتيم فلا تقهر وأما السائل فلا تنهر,Lalezar,93,8,576,64
data\synth_preview\line_0177.png,أتانا اليقين فما تنفعهم شفاعة الشافعين فما لهم,Marhey,74,8,608,64
data\synth_preview\line_0178.png,الصادقون والذين تبوءوا الدار والإيمان من,Lalezar,59,6,448,64
data\synth_preview\line_0179.png,وأطيعون وما أسألكم عليه من,Vibes,26,5,256,64
data\synth_preview\line_0180.png,الخاطئون فلا أقسم بما تبصرون وما لا تبصرون إنه,Qahiri,69,9,672,64
data\synth_preview\line_0181.png,انشقت السماء فكانت وردة كالدهان,Aref_Ruqaa,55,5,480,64
data\synth_preview\line_0182.png,والشمس وضحاها والقمر إذا تلاها والنهار إذا جلاها والليل,Harmattan,91,9,768,64
data\synth_preview\line_0183.png,عذاب يومئذ ببنيه,Katibeh,70,3,256,64
data\synth_preview\line_0184.png,على رجعه لقادر يوم تبلى السرائر فما له,Reem_Kufi_Ink,86,8,512,64
data\synth_preview\line_0185.png,يومئذ يصدر الناس أشتاتا,Blaka_Ink,99,4,256,64
data\synth_preview\line_0186.png,ولهم رزقهم فيها,Lalezar,19,3,224,64
data\synth_preview\line_0187.png,الرحيم وإنه لتنزيل رب العالمين,Rakkas,26,5,256,64
data\synth_preview\line_0188.png,من دون الله فاهدوهم إلى صراط الجحيم وقفوهم إنهم,Aref_Ruqaa,37,9,512,64
data\synth_preview\line_0189.png,مستكبرين به سامرا تهجرون أفلم يدبروا,Playpen_Sans_Arabic,23,6,416,64
data\synth_preview\line_0190.png,ما شاء ركبك كلا بل تكذبون,Jomhuria,82,6,352,64
data\synth_preview\line_0191.png,يغرنكم بالله الغرور إن الله عنده علم,Harmattan,31,7,352,64
data\synth_preview\line_0192.png,له سجدا وقال يا أبت,Vibes,12,5,352,64
data\synth_preview\line_0193.png,هل أتاك حديث الغاشية وجوه,El_Messiri,88,5,512,64
data\synth_preview\line_0194.png,عابد ما عبدتم ولا أنتم عابدون ما,Scheherazade_New,109,7,288,64
data\synth_preview\line_0195.png,كاتبين يعلمون ما تفعلون إن,Lemonada,82,5,608,64
data\synth_preview\line_0196.png,بالواد المقدس طوى اذهب إلى,Harmattan,79,5,480,64
data\synth_preview\line_0197.png,فرعون إذ قالت رب,Marhey,66,4,320,64
data\synth_preview\line_0198.png,والليل إذا عسعس والصبح إذا تنفس إنه لقول,El_Messiri,81,8,768,64
data\synth_preview\line_0199.png,العلقة مضغة فخلقنا المضغة عظاما فكسونا,Ruwudu,23,6,608,64
data\synth_preview\line_0200.png,لغفور رحيم إن إبراهيم كان أمة قانتا لله حنيفا,El_Messiri,16,9,640,64
data\synth_preview\line_0201.png,في بطني محررا فتقبل مني إنك أنت السميع,Katibeh,3,8,416,64
data\synth_preview\line_0202.png,فإنما عليك البلاغ وعلينا الحساب أولم,ArefRuqaa-Regular,13,6,384,64
data\synth_preview\line_0203.png,كرتين ينقلب إليك البصر خاسئا وهو حسير ولقد,Mirza,67,8,864,64
data\synth_preview\line_0204.png,في أحسن تقويم ثم رددناه أسفل,Vibes,95,6,288,64
data\synth_preview\line_0205.png,فيها بإذن ربهم,Lalezar,97,3,288,64
data\synth_preview\line_0206.png,أولئك الذين امتحن الله,Qahiri,49,4,352,64
data\synth_preview\line_0207.png,وقيل للذين اتقوا ماذا أنزل ربكم,Reem_Kufi_Ink,16,6,448,64
data\synth_preview\line_0208.png,ما أصحاب المشأمة والسابقون السابقون أولئك المقربون في جنات,Amiri,56,9,576,64
data\synth_preview\line_0209.png,أعلم بما تعملون الله,Jomhuria,22,4,320,64
data\synth_preview\line_0210.png,وجعلناها آية للعالمين وإبراهيم,Ruwudu,29,4,480,64
data\synth_preview\line_0211.png,يخوف الله به عباده يا عباد,Mirza,39,6,384,64
data\synth_preview\line_0212.png,كأنهم يوم يرونها لم يلبثوا,Blaka_Ink,79,5,352,64
data\synth_preview\line_0213.png,الله ورسوله لا يلتكم من أعمالكم شيئا إن,Katibeh,49,8,416,64
data\synth_preview\line_0214.png,عابدون ما أعبد لكم دينكم,Gulzar,109,5,192,64
data\synth_preview\line_0215.png,أنا ربكم الأعلى فأخذه الله نكال الآخرة والأولى إن,Blaka_Ink,79,9,448,64
data\synth_preview\line_0216.png,صورة ما شاء,Vibes,82,3,224,64
data\synth_preview\line_0217.png,سكرة الموت بالحق ذلك ما كنت منه تحيد,Marhey,50,8,672,64
data\synth_preview\line_0218.png,الأنهار خالدين فيها,Harmattan,48,3,256,64
data\synth_preview\line_0219.png,الكفر والفسوق والعصيان أولئك هم الراشدون فضلا من الله,Lalezar,49,9,1024,64
data\synth_preview\line_0220.png,مشيك واغضض من صوتك إن أنكر الأصوات,Blaka,31,7,512,64
data\synth_preview\line_0221.png,الأرض هم ينشرون لو كان فيهما آلهة إلا,Reem_Kufi_Ink,21,8,416,64
data\synth_preview\line_0222.png,شكر ولقد أنذرهم بطشتنا فتماروا بالنذر ولقد راودوه عن,Amiri,54,9,512,64
data\synth_preview\line_0223.png,إنما تقضي هذه,Reem_Kufi_Fun,20,3,192,64
data\synth_preview\line_0224.png,والمؤمنات بغير ما اكتسبوا,Badeen_Display,33,4,704,64
data\synth_preview\line_0225.png,ضريع لا يسمن ولا يغني,Lateef,88,5,352,64
data\synth_preview\line_0226.png,في غفلة من هذا فكشفنا عنك غطاءك فبصرك,Ruwudu,50,8,768,64
data\synth_preview\line_0227.png,ضامر يأتين من كل فج عميق ليشهدوا منافع لهم,Aref_Ruqaa,22,9,416,64
data\synth_preview\line_0228.png,سيئت وجوه الذين كفروا وقيل هذا الذي كنتم به,Qahiri,67,9,640,64
data\synth_preview\line_0229.png,والله غفور رحيم يا أيها,Harmattan,3,5,288,64
data\synth_preview\line_0230.png,عظيم قالوا أجئتنا لتأفكنا عن آلهتنا فأتنا,Qahiri,46,7,384,64
data\synth_preview\line_0231.png,وقال الكافرون هذا ساحر كذاب أجعل,Aref_Ruqaa_Ink,38,6,320,64
data\synth_preview\line_0232.png,برب الناس ملك الناس,El_Messiri,114,4,544,64
data\synth_preview\line_0233.png,وهو مليم وفي عاد إذ أرسلنا عليهم الريح,Rakkas,51,8,416,64
data\synth_preview\line_0234.png,قبل ذلك محسنين كانوا قليلا من,Amiri,51,6,480,64
data\synth_preview\line_0235.png,أيها الذين آمنوا قوا أنفسكم وأهليكم,ArefRuqaa-Regular,66,6,320,64
data\synth_preview\line_0236.png,والروح فيها بإذن ربهم من كل,Rakkas,97,6,320,64
data\synth_preview\line_0237.png,رجال من الإنس يعوذون برجال من الجن فزادوهم,Zain,72,8,672,64
data\synth_preview\line_0238.png,كف أيديهم عنكم,Jomhuria,48,3,256,64
data\synth_preview\line_0239.png,في جنات عدن,Blaka,61,3,288,64
data\synth_preview\line_0240.png,خالدون ويوم نحشرهم جميعا ثم نقول,Gulzar,10,6,224,64
data\synth_preview\line_0241.png,يخشاها كأنهم يوم,Vibes,79,3,224,64
data\synth_preview\line_0242.png,إن الذين يكفرون,Mirza,4,3,256,64
data\synth_preview\line_0243.png,همزة لمزة الذي جمع,Ruwudu,104,4,320,64
data\synth_preview\line_0244.png,تعبدون ولا أنتم عابدون,Baloo_Bhaijaan_2,109,4,288,64
data\synth_preview\line_0245.png,في دين الله,Ruwudu,110,3,160,64
data\synth_preview\line_0246.png,سلام هي حتى مطلع الفجر,ArefRuqaa-Regular,97,5,288,64
data\synth_preview\line_0247.png,أن تعتدوا وتعاونوا على,Vibes,5,4,224,64
data\synth_preview\line_0248.png,قل يا أيها الكافرون لا,Blaka,109,5,320,64
data\synth_preview\line_0249.png,رهقا وأنهم ظنوا كما ظننتم أن لن,ArefRuqaa-Regular,72,7,352,64
data\synth_preview\line_0250.png,ورسوله وتجاهدون في سبيل الله بأموالكم وأنفسكم,Katibeh,61,7,448,64
data\synth_preview\line_0251.png,الناس من الجنة,Blaka,114,3,320,64
data\synth_preview\line_0252.png,في شك من ديني فلا أعبد,Alkalami,10,6,320,64
data\synth_preview\line_0253.png,ختامه مسك وفي ذلك فليتنافس المتنافسون ومزاجه من,Aref_Ruqaa_Ink,83,8,640,64
data\synth_preview\line_0254.png,برب الفلق من شر,El_Messiri,113,4,288,64
data\synth_preview\line_0255.png,والصيف فليعبدوا رب هذا البيت الذي أطعمهم,Playpen_Sans_Arabic,106,7,768,64
data\synth_preview\line_0256.png,بالغيب وجاء بقلب منيب ادخلوها بسلام,Lateef,50,6,576,64
data\synth_preview\line_0257.png,تطلع على قوم لم نجعل لهم من دونها سترا,Ruwudu,18,9,736,64
data\synth_preview\line_0258.png,وصدق المرسلون إن كانت إلا صيحة,Lemonada,36,6,736,64
data\synth_preview\line_0259.png,ذلك دحاها أخرج منها ماءها ومرعاها,El_Messiri,79,6,608,64
data\synth_preview\line_0260.png,تكذبان يا معشر الجن والإنس إن استطعتم أن,Jomhuria,55,8,608,64
data\synth_preview\line_0261.png,عطلت وإذا الوحوش,Qahiri,81,3,288,64
data\synth_preview\line_0262.png,هم الكاذبون من كفر بالله من بعد إيمانه,Jomhuria,16,8,544,64
data\synth_preview\line_0263.png,من في السماوات ومن في الأرض وما,Lemonada,10,7,736,64
data\synth_preview\line_0264.png,نعيم كلا إنا خلقناهم مما,Aref_Ruqaa_Ink,70,5,256,64
data\synth_preview\line_0265.png,نظر بعضهم إلى بعض هل,Vibes,9,5,288,64
data\synth_preview\line_0266.png,إلا من ضريع لا,Marhey,88,4,192,64
data\synth_preview\line_0267.png,وإذا أنعمنا على الإنسان أعرض,Vibes,17,5,352,64
data\synth_preview\line_0268.png,عليهم طيرا أبابيل ترميهم,Blaka_Ink,105,4,256,64
data\synth_preview\line_0269.png,الوسواس الخناس الذي يوسوس في صدور الناس من,Scheherazade_New,114,8,512,64
data\synth_preview\line_0270.png,له سوء عمله,Qahiri,47,3,160,64
data\synth_preview\line_0271.png,قول التي تجادلك في زوجها,Cairo_Play,58,5,320,64
data\synth_preview\line_0272.png,وحملت الأرض والجبال,Marhey,69,3,320,64
data\synth_preview\line_0273.png,ذكرك فإن مع العسر,Aref_Ruqaa,94,4,224,64
data\synth_preview\line_0274.png,لهم لن يغفر الله لهم,Badeen_Display,63,5,352,64
data\synth_preview\line_0275.png,أفواههم وقالوا إنا,Mirza,14,3,288,64
data\synth_preview\line_0276.png,ثابت وفرعها في السماء تؤتي,Amiri,14,5,416,64
data\synth_preview\line_0277.png,علينا جمعه وقرآنه فإذا قرأناه فاتبع,Mirza,75,6,352,64
data\synth_preview\line_0278.png,عليهم الجلاء لعذبهم في الدنيا ولهم,Aref_Ruqaa_Ink,59,6,352,64
data\synth_preview\line_0279.png,هذا الذي كنتم به تكذبون كلا إن,Marhey,83,7,416,64
data\synth_preview\line_0280.png,بها جاءتها ريح,Mirza,10,3,320,64
data\synth_preview\line_0281.png,أتينا بها وكفى بنا حاسبين ولقد آتينا موسى وهارون,Reem_Kufi_Ink,21,9,512,64
data\synth_preview\line_0282.png,إنه على رجعه لقادر يوم تبلى السرائر فما,Alkalami,86,8,416,64
data\synth_preview\line_0283.png,ذلك لحق تخاصم أهل النار قل إنما,Lemonada,38,7,640,64
data\synth_preview\line_0284.png,من ولي ولا واق ولقد أرسلنا,Gulzar,13,6,192,64
data\synth_preview\line_0285.png,كخلقه فتشابه الخلق عليهم قل الله خالق كل شيء,Katibeh,13,9,480,64
data\synth_preview\line_0286.png,رهقا وأنهم ظنوا كما ظننتم,Harmattan,72,5,448,64
data\synth_preview\line_0287.png,أشد خلقا أم السماء بناها رفع سمكها فسواها وأغطش,Badeen_Display,79,9,1024,64
data\synth_preview\line_0288.png,وما جعلنا عدتهم إلا فتنة للذين كفروا,Blaka,74,7,608,64
data\synth_preview\line_0289.png,فارتقبهم واصطبر ونبئهم أن الماء قسمة بينهم كل,Vibes,54,8,320,64
data\synth_preview\line_0290.png,قائم على كل نفس بما كسبت وجعلوا,Badeen_Display,13,7,1088,64
data\synth_preview\line_0291.png,أصحاب النار وأصحاب الجنة أصحاب,Baloo_Bhaijaan_2,59,5,480,64
data\synth_preview\line_0292.png,الخسران المبين يدعو من,Scheherazade_New,22,4,320,64
data\synth_preview\line_0293.png,برب الفلق من شر,Badeen_Display,113,4,416,64
data\synth_preview\line_0294.png,فصل وما هو بالهزل إنهم يكيدون,Playpen_Sans_Arabic,86,6,512,64
data\synth_preview\line_0295.png,نار الله الموقدة التي تطلع على الأفئدة إنها,Katibeh,104,8,352,64
data\synth_preview\line_0296.png,تكذبان فيهما عينان تجريان,Vibes,55,4,224,64
data\synth_preview\line_0297.png,عجوز عقيم قالوا كذلك قال ربك إنه هو الحكيم,Playpen_Sans_Arabic,51,9,800,64
data\synth_preview\line_0298.png,بما صبرتم فنعم عقبى الدار,Lateef,13,5,288,64
data\synth_preview\line_0299.png,تمنوا علي إسلامكم,Gulzar,49,3,160,64
