sample_id,image_file,mode,transcription
sample_line_001,sample_line_001.png,line,يوم يكون الناس كالفراش المبثوث
sample_line_002,sample_line_002.png,line,بل كذبوا بالساعة وأعتدنا لمن كذب بالساعة سعيرا
sample_line_003,sample_line_003.png,line,الله لا إله إلا هو وعلى الله فليتوكل المؤمنون
sample_line_004,sample_line_004.png,line,سواء عليكم إنما تجزون
sample_line_005,sample_line_005.png,line,وإذا قيل لهم
sample_line_006,sample_line_006.png,line,أنزلنا والله بما تعملون خبير
sample_line_007,sample_line_007.png,line,إنا بلوناهم كما بلونا أصحاب
sample_line_008,sample_line_008.png,line,أنفسهم حتى يتبين
sample_line_009,sample_line_009.png,line,وجعلنا نومكم سباتا
sample_line_010,sample_line_010.png,line,يوم يدعون إلى نار جهنم دعا
sample_line_011,sample_line_011.png,line,قالوا أنطقنا الله الذي أنطق
sample_line_012,sample_line_012.png,line,لقد خلقنا الإنسان في كبد
sample_line_013,sample_line_013.png,line,ويوم يحشرهم وما يعبدون من دون الله
sample_line_014,sample_line_014.png,line,ولقد آتينا موسى الكتاب وجعلنا معه أخاه هارون وزيرا
sample_line_015,sample_line_015.png,line,تبارك الذي جعل في السماء بروجا
sample_line_016,sample_line_016.png,line,ما أصاب من مصيبة إلا بإذن الله ومن يؤمن
sample_line_017,sample_line_017.png,line,يوم لا يغني عنهم كيدهم شيئا ولا هم ينصرون
sample_line_018,sample_line_018.png,line,عندها جنة المأوى
sample_line_019,sample_line_019.png,line,ولا شفيع أفلا تتذكرون
sample_line_020,sample_line_020.png,line,لا يعلم كثيرا مما
sample_line_021,sample_line_021.png,line,نحن أولياؤكم في الحياة الدنيا
sample_line_022,sample_line_022.png,line,إن المتقين في مقام أمين
sample_line_023,sample_line_023.png,line,هم بلقاء ربهم كافرون
sample_line_024,sample_line_024.png,line,إنما نطعمكم لوجه الله لا
sample_line_025,sample_line_025.png,line,الحمد لله رب العالمين
sample_line_026,sample_line_026.png,line,ويا قوم هذه ناقة
sample_line_027,sample_line_027.png,line,إن ربي على كل
sample_line_028,sample_line_028.png,line,إله إلا هو فهل أنتم
sample_line_029,sample_line_029.png,line,قالوا يا نوح قد
sample_line_030,sample_line_030.png,line,قد خلت من قبلهم من الجن
sample_line_031,sample_line_031.png,line,الذي يؤتي ماله يتزكى
sample_line_032,sample_line_032.png,line,ربنا لأنزل ملائكة
sample_line_033,sample_line_033.png,line,وأنه خلق الزوجين الذكر والأنثى
sample_line_034,sample_line_034.png,line,أنزل بعلم الله وأن لا إله إلا هو فهل
sample_line_035,sample_line_035.png,line,بسم الله الرحمن الرحيم الم
sample_line_036,sample_line_036.png,line,يغشى الناس هذا عذاب أليم
sample_line_037,sample_line_037.png,line,وقال الذين لا يرجون لقاءنا لولا
sample_line_038,sample_line_038.png,line,أجل مسمى ويؤت كل
sample_line_039,sample_line_039.png,line,ولا يملكون موتا
sample_line_040,sample_line_040.png,line,أم عندهم خزائن ربك أم هم المصيطرون
sample_word_001,sample_word_001.png,word,بينك
sample_word_002,sample_word_002.png,word,فيها
sample_word_003,sample_word_003.png,word,والله
sample_word_004,sample_word_004.png,word,أنزله
sample_word_005,sample_word_005.png,word,يوم
sample_word_006,sample_word_006.png,word,دون
sample_word_007,sample_word_007.png,word,وهو
sample_word_008,sample_word_008.png,word,الله
sample_word_009,sample_word_009.png,word,حفيظ
sample_word_010,sample_word_010.png,word,كيدهم
sample_word_011,sample_word_011.png,word,لدن
sample_word_012,sample_word_012.png,word,الحطب
sample_word_013,sample_word_013.png,word,لحب
sample_word_014,sample_word_014.png,word,طباقا
sample_word_015,sample_word_015.png,word,ليذكروا
sample_word_016,sample_word_016.png,word,يسر
sample_word_017,sample_word_017.png,word,الرحمن
sample_word_018,sample_word_018.png,word,ربك
sample_word_019,sample_word_019.png,word,إلى
sample_word_020,sample_word_020.png,word,وإستبرق
sample_word_021,sample_word_021.png,word,هذا
sample_word_022,sample_word_022.png,word,وما
sample_word_023,sample_word_023.png,word,ذوقوا
sample_word_024,sample_word_024.png,word,دعوت
sample_word_025,sample_word_025.png,word,إنه
sample_word_026,sample_word_026.png,word,واتخذوا
sample_word_027,sample_word_027.png,word,تعملون
sample_word_028,sample_word_028.png,word,وكان
sample_word_029,sample_word_029.png,word,ألا
sample_word_030,sample_word_030.png,word,يبعثوا
sample_word_031,sample_word_031.png,word,يأتيكم
sample_word_032,sample_word_032.png,word,وقال
sample_word_033,sample_word_033.png,word,ويعبدون
sample_word_034,sample_word_034.png,word,ومن
sample_word_035,sample_word_035.png,word,لما
sample_word_036,sample_word_036.png,word,والحكمة
sample_word_037,sample_word_037.png,word,هديناه
sample_word_038,sample_word_038.png,word,ابن
sample_word_039,sample_word_039.png,word,يحملوها
sample_word_040,sample_word_040.png,word,ولقد
sample_word_041,sample_word_041.png,word,وقالوا
sample_word_042,sample_word_042.png,word,وأخذ
sample_word_043,sample_word_043.png,word,خلق
sample_word_044,sample_word_044.png,word,وملئه
sample_word_045,sample_word_045.png,word,نوح
sample_word_046,sample_word_046.png,word,هيه
sample_word_047,sample_word_047.png,word,وإذا
sample_word_048,sample_word_048.png,word,قوم
sample_word_049,sample_word_049.png,word,عذاب
sample_word_050,sample_word_050.png,word,وإدبار
sample_word_051,sample_word_051.png,word,ويخافون
sample_word_052,sample_word_052.png,word,إني
sample_word_053,sample_word_053.png,word,فلا
sample_word_054,sample_word_054.png,word,لنخرج
sample_word_055,sample_word_055.png,word,اللات
sample_word_056,sample_word_056.png,word,قالوا
sample_word_057,sample_word_057.png,word,علمه
sample_word_058,sample_word_058.png,word,بما
sample_word_059,sample_word_059.png,word,شيء
sample_word_060,sample_word_060.png,word,يبيتون
